{"cameraMode":{"drawMode":0,"name":"Shaded","section":"Shading Mode"},"sceneLighting":false,"audioPlay":false,"sceneViewState":{"m_AlwaysRefresh":false,"showFog":true,"showSkybox":false,"showFlares":true,"showImageEffects":true,"showParticleSystems":true,"showVisualEffectGraphs":true,"m_FxEnabled":true},"in2DMode":false,"pivot":{"x":0.007398247718811035,"y":0.02279496192932129,"z":0.007117927074432373},"rotation":{"x":-0.23027946054935456,"y":0.7068830728530884,"z":-0.26511281728744509,"w":-0.6140056848526001},"size":3.013861656188965,"orthographic":false}