{"cameraMode":{"drawMode":0,"name":"Shaded","section":"Shading Mode"},"sceneLighting":false,"audioPlay":false,"sceneViewState":{"m_AlwaysRefresh":false,"showFog":true,"showSkybox":false,"showFlares":true,"showImageEffects":true,"showParticleSystems":true,"showVisualEffectGraphs":true,"m_FxEnabled":true},"in2DMode":false,"pivot":{"x":2.8230791091918947,"y":5.0471343994140629,"z":3.2605323791503908},"rotation":{"x":0.04810137674212456,"y":0.9168578386306763,"z":-0.37881994247436526,"w":0.11641959100961685},"size":16.078245162963868,"orthographic":false}