{"cameraMode":{"drawMode":0,"name":"Shaded","section":"Shading Mode"},"sceneLighting":false,"audioPlay":false,"sceneViewState":{"m_AlwaysRefresh":false,"showFog":true,"showSkybox":false,"showFlares":true,"showImageEffects":true,"showParticleSystems":true,"showVisualEffectGraphs":true,"m_FxEnabled":true},"in2DMode":false,"pivot":{"x":0.32332801818847659,"y":0.26199042797088625,"z":0.5953105688095093},"rotation":{"x":0.10098158568143845,"y":0.8986384272575378,"z":-0.31535619497299197,"w":0.2877579927444458},"size":1.0842721462249756,"orthographic":false}