{"cameraMode":{"drawMode":0,"name":"Shaded","section":"Shading Mode"},"sceneLighting":false,"audioPlay":false,"sceneViewState":{"m_AlwaysRefresh":false,"showFog":true,"showSkybox":false,"showFlares":true,"showImageEffects":true,"showParticleSystems":true,"showVisualEffectGraphs":true,"m_FxEnabled":true},"in2DMode":false,"pivot":{"x":-0.20282739400863648,"y":0.9063043594360352,"z":0.26397716999053957},"rotation":{"x":-0.04482685774564743,"y":0.9514455199241638,"z":-0.25412416458129885,"w":-0.16783300042152406},"size":2.666372776031494,"orthographic":false}