{"cameraMode":{"drawMode":0,"name":"Shaded","section":"Shading Mode"},"sceneLighting":false,"audioPlay":false,"sceneViewState":{"m_AlwaysRefresh":false,"showFog":true,"showSkybox":false,"showFlares":true,"showImageEffects":true,"showParticleSystems":true,"showVisualEffectGraphs":true,"m_FxEnabled":true},"in2DMode":false,"pivot":{"x":1.1920928955078126e-7,"y":0.9902703762054443,"z":0.35997986793518069},"rotation":{"x":-0.2181725800037384,"y":-0.14084301888942719,"z":0.03183760493993759,"w":-0.9651699066162109},"size":0.8660253882408142,"orthographic":false}