{"cameraMode":{"drawMode":0,"name":"Shaded","section":"Shading Mode"},"sceneLighting":false,"audioPlay":false,"sceneViewState":{"m_AlwaysRefresh":false,"showFog":true,"showSkybox":false,"showFlares":true,"showImageEffects":true,"showParticleSystems":true,"showVisualEffectGraphs":true,"m_FxEnabled":true},"in2DMode":false,"pivot":{"x":0.0037737488746643068,"y":1.3466007709503174,"z":-0.08419597148895264},"rotation":{"x":-0.0992029532790184,"y":0.8979427814483643,"z":-0.26307547092437746,"w":-0.33860528469085696},"size":1.4612523317337037,"orthographic":false}