{"cameraMode":{"drawMode":0,"name":"Shaded","section":"Shading Mode"},"sceneLighting":false,"audioPlay":false,"sceneViewState":{"m_AlwaysRefresh":false,"showFog":true,"showSkybox":false,"showFlares":true,"showImageEffects":true,"showParticleSystems":true,"showVisualEffectGraphs":true,"m_FxEnabled":true},"in2DMode":false,"pivot":{"x":-0.21097499132156373,"y":0.7200202941894531,"z":0.7300114631652832},"rotation":{"x":-0.012126660905778408,"y":0.9803948998451233,"z":-0.1860089749097824,"w":-0.0639156699180603},"size":1.4392178058624268,"orthographic":false}