{"cameraMode":{"drawMode":0,"name":"Shaded","section":"Shading Mode"},"sceneLighting":false,"audioPlay":false,"sceneViewState":{"m_AlwaysRefresh":false,"showFog":true,"showSkybox":true,"showFlares":true,"showImageEffects":true,"showParticleSystems":true,"showVisualEffectGraphs":true,"m_FxEnabled":true},"in2DMode":false,"pivot":{"x":1.2081893682479859,"y":3.4647674560546877,"z":0.1412501335144043},"rotation":{"x":-0.013159818947315216,"y":0.9864621758460999,"z":-0.10096960514783859,"w":-0.1285678893327713},"size":4.924606800079346,"orthographic":false}