{"cameraMode":{"drawMode":0,"name":"Shaded","section":"Shading Mode"},"sceneLighting":false,"audioPlay":false,"sceneViewState":{"m_AlwaysRefresh":false,"showFog":true,"showSkybox":false,"showFlares":true,"showImageEffects":true,"showParticleSystems":true,"showVisualEffectGraphs":true,"m_FxEnabled":true},"in2DMode":false,"pivot":{"x":-90.1523208618164,"y":18.168264389038087,"z":-212.70062255859376},"rotation":{"x":0.29548877477645876,"y":0.32188406586647036,"z":-0.10649077594280243,"w":0.8931624889373779},"size":12.577423095703125,"orthographic":true}