{"cameraMode":{"drawMode":0,"name":"Shaded","section":"Shading Mode"},"sceneLighting":false,"audioPlay":false,"sceneViewState":{"m_AlwaysRefresh":false,"showFog":true,"showSkybox":false,"showFlares":true,"showImageEffects":true,"showParticleSystems":true,"showVisualEffectGraphs":true,"m_FxEnabled":true},"in2DMode":false,"pivot":{"x":-0.21288937330245973,"y":0.5825541615486145,"z":0.5305243730545044},"rotation":{"x":0.04958464577794075,"y":0.9502944946289063,"z":-0.22501277923583985,"w":0.2094113826751709},"size":1.681102991104126,"orthographic":false}