{"cameraMode":{"drawMode":0,"name":"Shaded","section":"Shading Mode"},"sceneLighting":false,"audioPlay":false,"sceneViewState":{"m_AlwaysRefresh":false,"showFog":true,"showSkybox":false,"showFlares":true,"showImageEffects":true,"showParticleSystems":true,"showVisualEffectGraphs":true,"m_FxEnabled":true},"in2DMode":false,"pivot":{"x":0.023528799414634706,"y":1.2405411005020142,"z":0.5398970246315002},"rotation":{"x":0.03095831908285618,"y":0.9649406671524048,"z":-0.22389984130859376,"w":0.13342170417308808},"size":1.0842721462249756,"orthographic":false}