{"cameraMode":{"drawMode":0,"name":"Shaded","section":"Shading Mode"},"sceneLighting":false,"audioPlay":false,"sceneViewState":{"m_AlwaysRefresh":false,"showFog":true,"showSkybox":false,"showFlares":true,"showImageEffects":true,"showParticleSystems":true,"showVisualEffectGraphs":true,"m_FxEnabled":true},"in2DMode":false,"pivot":{"x":0.5006585121154785,"y":0.8904997706413269,"z":-0.018137812614440919},"rotation":{"x":0.280430406332016,"y":0.11854439228773117,"z":-0.03492381423711777,"w":0.9518857002258301},"size":2.0365231037139894,"orthographic":false}