{"cameraMode":{"drawMode":0,"name":"Shaded","section":"Shading Mode"},"sceneLighting":false,"audioPlay":false,"sceneViewState":{"m_AlwaysRefresh":false,"showFog":true,"showSkybox":false,"showFlares":true,"showImageEffects":true,"showParticleSystems":true,"showVisualEffectGraphs":true,"m_FxEnabled":true},"in2DMode":false,"pivot":{"x":0.5356686115264893,"y":0.9365301728248596,"z":-0.019760549068450929},"rotation":{"x":0.03108213283121586,"y":0.9584808349609375,"z":-0.25908634066581728,"w":0.11498741060495377},"size":2.1268911361694338,"orthographic":false}