{"cameraMode":{"drawMode":0,"name":"Shaded","section":"Shading Mode"},"sceneLighting":false,"audioPlay":false,"sceneViewState":{"m_AlwaysRefresh":false,"showFog":true,"showSkybox":false,"showFlares":true,"showImageEffects":true,"showParticleSystems":true,"showVisualEffectGraphs":true,"m_FxEnabled":true},"in2DMode":false,"pivot":{"x":0.00033869221806526184,"y":-0.001116473227739334,"z":-0.0012174248695373536},"rotation":{"x":-0.23027946054935456,"y":0.7068830728530884,"z":-0.26511281728744509,"w":-0.6140056848526001},"size":0.46807652711868288,"orthographic":false}