{"cameraMode":{"drawMode":0,"name":"Shaded","section":"Shading Mode"},"sceneLighting":false,"audioPlay":false,"sceneViewState":{"m_AlwaysRefresh":false,"showFog":false,"showSkybox":false,"showFlares":false,"showImageEffects":false,"showParticleSystems":false,"showVisualEffectGraphs":true,"m_FxEnabled":true},"in2DMode":false,"pivot":{"x":-0.7998647689819336,"y":0.6891968846321106,"z":0.10065704584121704},"rotation":{"x":-0.196168452501297,"y":-0.22225892543792725,"z":0.045705221593379977,"w":-0.9539563059806824},"size":0.8702380061149597,"orthographic":false}