{"cameraMode":{"drawMode":0,"name":"Shaded","section":"Shading Mode"},"sceneLighting":false,"audioPlay":false,"sceneViewState":{"m_AlwaysRefresh":false,"showFog":true,"showSkybox":false,"showFlares":true,"showImageEffects":true,"showParticleSystems":true,"showVisualEffectGraphs":true,"m_FxEnabled":true},"in2DMode":false,"pivot":{"x":0.0786491334438324,"y":1.1196200847625733,"z":0.49460652470588686},"rotation":{"x":0.03108213283121586,"y":0.9584808349609375,"z":-0.25908634066581728,"w":0.11498741060495377},"size":0.8365232348442078,"orthographic":false}