{"cameraMode":{"drawMode":0,"name":"Shaded","section":"Shading Mode"},"sceneLighting":false,"audioPlay":false,"sceneViewState":{"m_AlwaysRefresh":false,"showFog":true,"showSkybox":false,"showFlares":true,"showImageEffects":true,"showParticleSystems":true,"showVisualEffectGraphs":true,"m_FxEnabled":true},"in2DMode":false,"pivot":{"x":-0.003571629524230957,"y":1.7017695903778077,"z":0.2191939353942871},"rotation":{"x":-0.04236029461026192,"y":0.9576399326324463,"z":-0.20261259377002717,"w":-0.20021425187587739},"size":2.98323917388916,"orthographic":false}