{"cameraMode":{"drawMode":0,"name":"Shaded","section":"Shading Mode"},"sceneLighting":false,"audioPlay":false,"sceneViewState":{"m_AlwaysRefresh":false,"showFog":true,"showSkybox":false,"showFlares":true,"showImageEffects":true,"showParticleSystems":true,"showVisualEffectGraphs":true,"m_FxEnabled":true},"in2DMode":false,"pivot":{"x":-0.47786587476730349,"y":0.8905008435249329,"z":0.3930357098579407},"rotation":{"x":0.2444256693124771,"y":0.19134847819805146,"z":-0.04926733300089836,"w":0.9493237733840942},"size":1.1365232467651368,"orthographic":false}