{"cameraMode":{"drawMode":0,"name":"Shaded","section":"Shading Mode"},"sceneLighting":false,"audioPlay":false,"sceneViewState":{"m_AlwaysRefresh":false,"showFog":true,"showSkybox":false,"showFlares":true,"showImageEffects":true,"showParticleSystems":true,"showVisualEffectGraphs":true,"m_FxEnabled":true},"in2DMode":false,"pivot":{"x":-0.5389000177383423,"y":1.3211908340454102,"z":0.5443410277366638},"rotation":{"x":0.045715052634477618,"y":0.9418138265609741,"z":-0.30065083503723147,"w":0.14320698380470277},"size":0.8365232348442078,"orthographic":false}